{
  "eye": {
    "orientation": [
      -0.3620457649230957,
      -0.16075202822685242,
      -0.23112934827804565,
      0.8886287212371826
    ],
    "magnitude": 0.5773502588272095,
    "position": [
      -39.608219146728516,
      240.60076904296875,
      229.9105682373047
    ]
  },
  "radius": 150,
  "type": "PERSPECTIVE"
}