{
  "eye": {
    "orientation": [
      -0.21991105377674103,
      -0.4371936023235321,
      -0.004162205383181572,
      0.8720571398735046
    ],
    "magnitude": 0.5773502588272095,
    "position": [
      -228.23223876953125,
      116.15738677978516,
      156.26107788085938
    ]
  },
  "radius": 150,
  "type": "PERSPECTIVE"
}